<?xml version="1.0" encoding="UTF-8"?>
<beans:beans xmlns="http://www.springframework.org/schema/mvc"
	xmlns:xsi="http://www.w3.org/2001/XMLSchema-instance"
	xmlns:beans="http://www.springframework.org/schema/beans"
	xmlns:context="http://www.springframework.org/schema/context"
	xsi:schemaLocation="http://www.springframework.org/schema/mvc https://www.springframework.org/schema/mvc/spring-mvc.xsd
		http://www.springframework.org/schema/beans https://www.springframework.org/schema/beans/spring-beans.xsd
		http://www.springframework.org/schema/context https://www.springframework.org/schema/context/spring-context.xsd">

	<!-- DispatcherServlet Context: defines this servlet's request-processing infrastructure -->
	
	<!-- Enables the Spring MVC @Controller programming model -->
	<annotation-driven />

	<!-- Handles HTTP GET requests for /resources/** by efficiently serving up static resources in the ${webappRoot}/resources directory -->
	<resources mapping="/resources/**" location="/resources/" />

	<!-- Resolves views selected for rendering by @Controllers to .jsp resources in the /WEB-INF/views directory -->
	<beans:bean class="org.springframework.web.servlet.view.InternalResourceViewResolver">
		<beans:property name="prefix" value="/WEB-INF/views/" />
		<beans:property name="suffix" value=".jsp" />
	</beans:bean>
	
	<context:component-scan base-package="com.vam.controller" />
	
	<!-- 인터셉터 적용  -->
	
	<interceptors>
		<interceptor>
			<mapping path="/member/login.do"></mapping>
			<beans:bean id="loginIntreceptor" class="com.vam.interceptor.LoginInterceptor"></beans:bean>
		</interceptor>
		<interceptor>
			<mapping path="/admin/**"></mapping>
			<beans:bean id="AdminIntreceptor" class="com.vam.interceptor.AdminInterceptor"></beans:bean>
		</interceptor>
		
      	<interceptor>
         <mapping path="/cart/**"/>
         <exclude-mapping path="/cart/add"/>
         <beans:bean id="CartIntreceptor" class="com.vam.interceptor.CartInterceptor"></beans:bean>
      </interceptor>
       <interceptor>
         <mapping path="/wish/**"/>
         <exclude-mapping path="/wish/add"/>
         <beans:bean id="WishIntreceptor" class="com.vam.interceptor.WishInterceptor"></beans:bean>
      </interceptor>
	</interceptors>
	
	
	
</beans:beans>
