<?xml version="1.0" encoding="UTF-8"?>
<beans xmlns="http://www.springframework.org/schema/beans"
	xmlns:xsi="http://www.w3.org/2001/XMLSchema-instance"
	xmlns:context="http://www.springframework.org/schema/context"
	xmlns:mybatis-spring="http://mybatis.org/schema/mybatis-spring"
	xsi:schemaLocation="http://mybatis.org/schema/mybatis-spring http://mybatis.org/schema/mybatis-spring-1.2.xsd
		http://www.springframework.org/schema/beans https://www.springframework.org/schema/beans/spring-beans.xsd
		http://www.springframework.org/schema/context http://www.springframework.org/schema/context/spring-context-3.1.xsd">
	
	
	<bean id="hikariConfig" class="com.zaxxer.hikari.HikariConfig">
 		<!-- <property name="driverClassName" value="com.mysql.cj.jdbc.Driver"></property>
		<property name="jdbcUrl" value="jdbc:mysql://localhost:3306/world?serverTimezone=Asia/Seoul"></property> -->
		
		<property name="driverClassName" value="net.sf.log4jdbc.sql.jdbcapi.DriverSpy"></property>
		<property name="jdbcUrl" value="jdbc:log4jdbc:mysql://localhost:3306/onedayclass_1?serverTimezone=Asia/Seoul"></property>  
		<property name="username" value="root"></property>
		<property name="password" value="1234"></property>
	</bean>	
	
	
	<bean id="datasource" class="com.zaxxer.hikari.HikariDataSource" destroy-method="close">
		<constructor-arg ref="hikariConfig"></constructor-arg>
	</bean>
	
	<bean id="sqlSessionFactory" class="org.mybatis.spring.SqlSessionFactoryBean">
		<property name="dataSource" ref="datasource"></property>
	</bean>
	
	<!-- 파일업로드1 -->
	<bean id="sqlSession" class="org.mybatis.spring.SqlSessionTemplate">
		<constructor-arg ref="sqlSessionFactory"/>
	</bean>
	
	<!-- 파일업로드2 -->
	<bean id="multipartResolver" 
		class="org.springframework.web.multipart.commons.CommonsMultipartResolver">
		<property name="defaultEncoding" value="UTF-8"/>
	</bean>
	
	
	<!-- gmail설정 -->
	<bean id="mailSender" class="org.springframework.mail.javamail.JavaMailSenderImpl"> 
	     <property name="host" value="smtp.gmail.com" />
	     <property name="port" value="587" />
	 <property name="username" value="krabat116@gmail.com"/> 
	 <property name="password" value="dudgns9101@"/> 
	 
	 
     <!-- 보안연결 TLS과 관련된 설정 -->
     <property name="javaMailProperties">
       <props>
       <prop key="mail.smtp.auth">true</prop>
       <prop key="mail.smtp.starttls.enable">true</prop>
       <prop key="mail.transport.protocol">smtp</prop>
       <prop key="mail.debug">true</prop>
       <prop key="mail.smtp.ssl.trust">smtp.gmail.com</prop>
       <prop key="mail.smtp.ssl.protocols">TLSv1.2</prop>
       </props>
     </property>
     </bean> 
     
     <!-- navermail설정 -->
<!-- 	 <bean id="mailSender2" class="org.springframework.mail.javamail.JavaMailSenderImpl"> 
	 <property name="host" value="smtp.naver.com"/> 메이서버 호스트
	 <property name="port" value="465"/> 메이서버 포트번호
	 <property name="username" value="krabat116@naver.com"/> 자신의 이메일 아이디
	 <property name="password" value="dudgns9101"/> 자신의 비밀번호
	   보안연결 SSL과 관련된 설정
	 <property name="javaMailProperties">
	  <props>
	  <prop key="mail.smtp.auth">true</prop>
	  <prop key="mail.smtp.starttls.enable">true</prop>
	  <prop key="mail.smtps.checkserveridentity">true</prop>
	  <prop key="mail.smtps.ssl.trust">*</prop>
	  <prop key="mail.debug">true</prop>
	  <prop key="mail.smtp.socketFactory.class">javax.net.ssl.SSLSocketFactory</prop>
	  </props>
	 </property>
	 </bean>
      -->
     <!-- daummail설정 -->
<!-- 	 <bean id="mailSender3" class="org.springframework.mail.javamail.JavaMailSenderImpl"> 
	 <property name="host" value="smtp.daum.com"/> 메이서버 호스트
	 <property name="port" value="465"/> 메이서버 포트번호
	 <property name="username" value="your_email"/> 자신의 이메일 아이디
	 <property name="password" value="your_password"/> 자신의 비밀번호
	   보안연결 SSL과 관련된 설정
	 <property name="javaMailProperties">
	  <props>
	  <prop key="mail.smtp.auth">true</prop>
	  <prop key="mail.smtp.starttls.enable">true</prop>
	  <prop key="mail.smtps.checkserveridentity">true</prop>
	  <prop key="mail.smtps.ssl.trust">*</prop>
	  <prop key="mail.debug">true</prop>
	  <prop key="mail.smtp.socketFactory.class">javax.net.ssl.SSLSocketFactory</prop>
	  </props>
	 </property>
	 </bean>
      -->

	<!-- Root Context: defines shared resources visible to all other web components -->
	<mybatis-spring:scan base-package="com.vam.mapper"/>
	<context:component-scan base-package="com.vam.model"></context:component-scan>	
	<context:component-scan base-package="com.vam.service"></context:component-scan>
    <context:component-scan base-package="com.vam.sample"></context:component-scan>	
</beans>
